County,hispanic_2013,black_2013,white_2013,other_2013,Total_2013,hispanic_2014,black_2014,white_2014,other_2014,Total_2014,hispanic_2015,black_2015,white_2015,other_2015,Total_2015,hispanic_2016,black_2016,white_2016,other_2016,Total_2016,hispanic_2017,black_2017,white_2017,other_2017,Total_2017
Alamance,22.40278584,21.06790482,51.32371981,5.205589535,22399,23.24563343,21.04355516,50.05527305,5.655538359,22615,24.08842699,21.39334155,48.57319007,5.945041395,22708,24.83645783,22.03099618,46.90257716,6.229968828,22777,26.38117896,22.57908186,44.44444444,6.595294738,22698
Alexander,7.475764355,3.784489187,83.6316182,5.108128262,5364,8.034026465,3.913043478,82.28733459,5.765595463,5290,8.478176902,4.05561993,81.63383546,5.83236771,5178,9.209470305,4.073033708,80.81861958,5.898876404,4984,9.866939611,3.930399181,80.12282497,6.079836233,4885
Alleghany,18.20143885,0.575539568,79.85611511,1.366906475,1390,20.46227056,0.747790619,76.34262407,2.447314752,1471,20.51100071,0.567778566,76.72107878,2.200141945,1409,20.71174377,0.711743772,75.9430605,2.633451957,1405,23.40585146,0.750187547,72.8432108,3.00075019,1333
Anson,3.178082192,57.83561644,34.2739726,4.712328767,3650,3.414769572,57.63464742,34.50860633,4.44197668,3602,3.857061826,56.86330119,34.79863868,4.480998298,3526,3.96039604,57.51310425,33.80896913,4.717530577,3434,5.162638019,56.43091614,32.97523127,5.431214562,3351
Ashe,8.64390855,0.40714062,89.22643282,1.722518008,3193,9.388783869,0.504095778,87.68115942,2.425960933,3174,9.160305344,0.477099237,88.67684478,1.685750636,3144,9.874152953,0.580832527,87.96385931,1.581155211,3099,11.36820926,0.60362173,85.81488934,2.213279674,2982
Avery,8.70379036,0.280767431,89.14365934,1.871782873,2137,10.06960557,0.278422274,87.00696056,2.645011601,2155,10.38899431,0.569259962,86.66982922,2.371916509,2108,10.9569378,0.38277512,86.02870813,2.631578947,2090,11.48373984,0.304878049,84.95934959,3.252032518,1968
Beaufort,13.62215909,32.31534091,50.01420455,4.048295455,7040,14.0398293,32.98719772,48.89046942,4.082503556,7030,14.80478769,32.98660587,48.1476204,4.060986036,7018,15.49826188,33.24159907,47.01622248,4.24391657,6904,16.41134537,32.21598665,46.61004095,4.762627025,6593
Bertie,2.028549962,81.55522164,14.65063862,1.765589782,2662,2.013677812,80.69908815,15.00759878,2.279635258,2632,2.218570255,81.18323747,14.79046836,1.807723911,2434,2.449505801,81.09153416,14.18134938,2.277610657,2327,2.1957914,80.7410796,14.18115279,2.881976212,2186
Bladen,14.11079888,40.4857487,40.08430349,5.319148936,4982,15.51322751,39.04761905,39.57671958,5.862433862,4725,17.08147203,38.07700489,39.09806424,5.743458839,4701,17.9823618,37.38438374,38.26629383,6.366960637,4649,18.90628652,37.06473475,37.06473475,6.964243978,4279
Brunswick,10.46370478,15.93428826,67.97766448,5.624342478,12357,11.17080994,15.53327987,67.34562951,5.950280674,12470,11.56337465,15.53778489,67.33306677,5.565773691,12505,12.46295555,14.97797357,66.72006408,5.839006808,12485,13.31001034,15.02743102,65.28583923,6.376719405,12577
Buncombe,12.80932154,6.137718717,74.93472585,6.118233896,25661,13.564434,6.474735605,73.52134743,6.439482961,25530,14.53767397,6.65493521,72.83634618,5.971044633,25004,15.74319098,6.717420511,71.46114074,6.078247771,24563,16.63962052,6.740731494,70.05783714,6.561810845,24033
Burke,10.68240043,5.496467666,72.92912041,10.89201149,12881,11.2412178,5.160031226,72.39656518,11.20218579,12810,12.40088804,4.868379321,71.57469077,11.15604186,12612,13.44605475,4.951690821,70.10466989,11.49758454,12420,15.2,4.931958763,68.11546392,11.75257732,12125
Cabarrus,13.45556557,18.49180109,61.21297131,6.839662025,29943,14.04977902,19.11075665,59.65839232,7.18107201,30093,14.78371253,19.62698955,58.13559874,7.453699183,30723,15.55271565,19.80191693,56.4313099,8.214057508,31300,16.81857372,20.41199655,53.19620643,9.573223299,32476
Caldwell,8.574430257,5.697430095,80.87118151,4.856958138,12374,8.774956865,5.529537425,80.83148468,4.864021034,12171,9.299426577,5.418432644,80.47037314,4.811767639,12033,9.789630611,5.292363757,79.87410966,5.043895975,12074,10.69084629,5.284974093,78.5492228,5.474956819,11580
Camden,2.505219207,12.47390397,78.96659708,6.054279749,1916,2.417235943,11.9810825,79.40094587,6.200735681,1903,3.103629669,11.5202525,78.85323514,6.522882693,1901,2.916895982,10.51183269,79.6367639,6.93450743,1817,3.133589885,10.00549753,79.71412864,7.146783947,1819
Carteret,6.509988249,6.650998825,79.50646298,7.332549941,8510,7.273374466,6.798766018,78.96298054,6.964878975,8428,7.952121356,6.648494904,78.19388481,7.205498933,8438,8.448687351,6.551312649,77.6849642,7.3150358,8380,8.948383985,5.993728895,77.0260492,8.031837916,8292
Caswell,5.924339757,35.83154889,54.31834404,3.925767309,2802,6.222707424,35.98981077,53.56622999,4.22125182,2748,6.170598911,37.45916515,52.74047187,3.629764065,2755,6.971597197,36.88675765,52.01032829,4.131316857,2711,7.88365863,36.28013777,51.16724072,4.668962878,2613
Catawba,12.70779677,5.203699368,71.12502927,10.9634746,17084,13.42258026,5.289657624,69.9620898,11.32567231,16882,14.280582,5.418837195,69.38506676,10.91551404,16701,15.00729395,5.415754923,68.5813275,10.99562363,16452,16.07440826,5.358136086,66.64606637,11.92138928,16181
Chatham,27.92559744,12.47844297,54.71791082,4.87804878,8118,29.18945194,12.164297,53.16563373,5.480617329,8229,30.12637101,12.27944683,52.31282785,5.281354316,8388,30.36643026,11.95035461,52.04491726,5.638297872,8460,31.53872476,11.52047451,51.07790578,5.86289495,8767
Chowan,4.906333631,42.77430865,48.34968778,3.969669938,2242,4.356971154,1.532451923,89.60336538,4.507211538,3328,4.445797808,1.583434836,89.64677223,4.323995128,3284,5.314726841,1.573634204,87.88598575,5.225653207,3368,6.009913259,1.858736059,85.78066914,6.350681537,3228
Cherokee,4.070112894,1.663695781,90.16636958,4.099821747,3366,4.988764045,43.50561798,47.50561798,4,2225,5.530371714,43.38168631,47.23481414,3.853127833,2206,6.015399423,43.26275265,46.53512993,4.186717998,2078,6.866734486,45.11698881,44.35401831,3.662258393,1966
Clay,4.036557502,0.913937548,92.91698401,2.132520944,1313,4.473085671,0.758150114,92.87338893,1.895375284,1319,4.849884527,0.846805235,92.2247883,2.07852194,1299,6.030534351,0.916030534,90.38167939,2.671755725,1310,8.261886204,0.857365549,88.15276695,2.727981294,1283
Cleveland,4.757281553,25.71521036,64.17475728,5.352750809,15450,4.927995772,25.90831021,63.71383274,5.449861276,15138,5.221174764,26.37616191,63.10237985,5.300283473,15169,5.513434424,26.55626496,62.23729715,5.693003458,15036,6.069542555,27.17234758,60.29078938,6.467320486,14581
Columbus,8.266414738,31.8375059,52.41694221,7.479137144,6351,8.677888544,31.24693577,52.62297761,7.452198072,6119,9.448298646,31.25206475,52.29600264,7.003633961,6054,9.867649523,31.39554364,51.63343944,7.103367398,5969,10.32714412,29.76127321,52.04244032,7.869142352,5655
Craven,8.728484931,29.03598884,53.52745085,8.708075379,14699,8.837981867,29.35843311,52.32888089,9.474704132,14449,9.176486995,29.27968761,51.94198452,9.601840876,14341,9.596209603,28.97956297,51.63001202,9.794215402,14141,10.64767963,27.88781264,50.73731386,10.72719387,13834
Cumberland,11.43640118,44.71891464,33.08759673,10.75708744,51817,11.38505178,45.10112491,32.2433992,11.27042412,51471,11.88038899,45.2911532,31.62722942,11.20122839,50798,12.22937506,45.44122016,30.81311281,11.51629197,50485,13.46768395,45.09467125,29.07046417,12.36718063,50068
Currituck,4.343302991,5.201560468,80.0260078,10.42912874,3845,4.482581967,5.712090164,79.78995902,10.01536885,3904,4.925219185,5.647240846,80.6343476,8.793192367,3878,5.101275319,5.526381595,80.97024256,8.402100525,3999,5.875031118,4.680109534,80.38337067,9.061488673,4017
Dare,11.56421181,2.901196997,81.37553256,4.159058633,4929,12.50248855,2.727453713,80.11148716,4.658570575,5023,13.05745279,2.410606669,79.85134592,4.680594616,4978,14.12520064,2.548154093,78.17014446,5.156500803,4984,16.11337604,2.174335081,76.06290041,5.649388472,5151
Davidson,6.439412789,3.075391889,87.29037074,3.194824583,20095,6.930693069,3.211539428,86.05819973,3.799567774,19897,7.551858802,3.408226404,85.30202363,3.73789116,19717,8.272229681,3.469998967,84.27656718,3.981204172,19366,9.42951438,3.646078894,82.59206873,4.332337996,19089
Davie,11.91541905,5.988578484,77.41935484,4.676647631,6479,12.42973142,5.480949407,77.17051843,4.91880075,6404,12.70116756,5.774692332,76.61722941,4.906910697,6338,12.92108176,6.199588803,75.10675312,5.772576309,6323,13.83463542,6.591796875,73.40494792,6.168619788,6144
Duplin,36.67698218,24.85327073,36.27147583,2.198271262,9371,37.19290971,24.10075671,35.13009226,3.576241319,9647,38.67453935,23.68930062,34.72462588,2.911534155,9823,40.08196721,23.20696721,33.67827869,3.032786885,9760,41.04214241,22.37907411,33.14303508,3.435748393,9634
Durham,24.11924119,50.69598423,19.33050012,5.854274452,32472,25.30810519,49.61767969,18.79816486,6.276050256,33349,27.25057212,48.5214135,18.51873867,5.709275716,33647,28.48486658,47.55835473,18.28846039,5.668318309,33502,30.6301403,44.76294146,18.82559265,5.781325593,33072
Edgecombe,8.963040551,57.80338171,31.1536735,2.079904235,6683,9.565075213,58.20797907,30.00327011,2.223675605,6116,10.05967604,57.25490196,30.5541347,2.131287298,5865,9.848993289,56.89597315,30.92281879,2.332214765,5960,10.32498307,56.07650643,30.46716317,3.131347329,5908
Forsyth,21.63011173,28.83074376,43.01192581,6.52721869,53162,22.21182109,28.62224552,42.42225675,6.743676633,53413,23.47850208,28.56773,41.4257975,6.527970411,54075,24.49979734,28.47009838,40.25756292,6.772541361,54278,26.18191821,28.67779204,38.10379608,7.036493673,54530
Franklin,14.56761463,30.49332559,50.89959373,4.039466048,8615,14.95165746,31.37661142,49.60865562,4.063075506,8688,15.96385542,30.97775718,49.00370714,4.054680259,8632,16.85950413,30.77922078,47.86304604,4.498229044,8470,19.39075116,30.59701493,44.92292635,5.089307563,8174
Gaston,9.519381833,20.2988233,64.6702363,5.511558562,31189,10.00383779,20.49699373,63.80324933,5.695919151,31268,10.88554428,20.97559423,62.39221052,5.746650969,31427,11.59562668,21.44192679,61.07114562,5.891300903,31555,13.20772641,22.2229259,58.16339455,6.405953134,31580
Gates,1.503759398,36.09022556,58.41526894,3.990746096,1729,1.686746988,35.96385542,58.37349398,3.975903614,1660,1.388050694,36.21001811,58.23777912,4.164152082,1657,1.723076923,34.46153846,59.07692308,4.738461538,1625,1.817080557,30.76923077,61.78073895,5.632949728,1651
Graham,2.682313495,0.167644593,81.47527242,15.67476949,1193,2.861952862,0.252525253,80.97643098,15.90909091,1188,3.550295858,0.422654269,80.05071851,15.97633136,1183,3.495311168,0.255754476,79.36913896,16.8797954,1173,3.84951881,0.262467192,77.69028871,18.19772528,1143
Granville,12.25138284,32.50559021,50.47663881,4.766388137,8497,13.40610818,33.11664418,48.28897338,5.188274255,8153,14.36539415,33.58948934,47.37233515,4.672781358,8068,15.69840869,33.70800707,45.93331649,4.660267744,7918,17.90765946,34.34747798,43.10114758,4.643714973,7494
Greene,27.93331236,38.94306386,31.7080843,1.415539478,3179,28.62583307,38.55918756,30.65693431,2.158045065,3151,29.33039925,38.25840931,30.2734989,2.13769255,3181,30.84436043,37.61814745,29.71014493,1.827347196,3174,30.97489403,36.4525595,30.19237039,2.380176071,3067
Guilford,11.80497095,40.71431529,37.27522391,10.20548985,72461,12.61925893,41.06944753,36.05502552,10.25626803,72112,13.50577906,40.99105357,35.14669927,10.3564681,71984,14.33852764,40.87973103,34.30337188,10.47836944,71681,15.70647779,40.61236441,32.51582499,11.16533281,71722
Halifax,2.949766355,85.57242991,4.351635514,7.126168224,3424,2.892307692,84.46153846,4.738461538,7.907692308,3250,3.681392236,84.77242303,4.384203481,7.161981258,2988,3.687477181,84.37385907,4.381161008,7.557502738,2739,4.027386226,83.12525171,3.987112364,8.860249698,2483
Harnett,17.15559038,25.07468534,51.08477399,6.684950291,20419,18.095144,24.4528973,49.79993084,7.652027861,20243,18.85893848,24.76555212,49.21196052,7.163548878,20367,19.22309302,24.47549043,48.60049652,7.700920021,20543,20.66292956,24.49427248,46.84377285,7.999025107,20515
Haywood,6.542800265,0.98208361,89.10418049,3.370935634,7535,6.834387192,1.143549038,88.56450962,3.45755415,7433,7.616208158,1.097709717,87.96584903,3.320233094,7379,7.988289419,1.031646452,87.53659557,3.443468563,7173,8.296275709,1.278488049,86.40911618,4.016120066,7196
Henderson,19.70684039,3.679301155,71.1578324,5.456026059,13508,20.22646536,3.863232682,70.51509769,5.395204263,13512,21.8947828,3.73280943,68.84231973,5.530088045,13743,23.24426924,4.102788728,66.84187473,5.811067309,13698,24.28994083,4.045857988,65.42159763,6.242603549,13520
Hertford,2.308707124,79.41952507,16.06200528,2.209762533,3032,2.777777778,79.24836601,15.39215686,2.581699346,3060,2.846617549,78.63362358,15.37173476,3.148024113,2986,3.459972863,78.79918589,14.58616011,3.15468114,2948,4.102747057,78.13057438,13.73528362,4.031394934,2803
Hoke,17.26344284,37.09856035,27.34096222,18.29703458,8127,17.81553398,37.0631068,27.63349515,17.48786408,8240,19.31642253,36.12004287,27.7956413,16.7678933,8397,20.7585305,35.69135656,26.70312686,16.84698609,8411,21.92568733,34.66007132,26.02093639,17.39330496,8693
Hyde,15.27531083,27.17584369,54.52930728,3.019538188,563,15.87837838,25,55.23648649,3.885135135,592,17.33102253,23.74350087,55.28596187,3.639514731,577,19.49152542,23.72881356,53.38983051,3.389830508,590,21.23287671,21.23287671,55.65068493,1.883561646,584
Iredell,11.11007157,13.9168265,69.66833513,5.304766805,21377,11.38230799,14.03802063,68.89090562,5.688765762,20936,11.9799379,14.16288512,68.26844996,5.588727012,20935,12.35597551,14.40485947,67.33837921,5.900785807,20743,13.36856528,14.24447054,65.76629477,6.620669404,20436
Jackson,9.255141745,1.278488049,77.20956087,12.25680934,3598,10.44329617,1.169431602,75.98585804,12.4014142,3677,11.82650862,1.535560345,74.91918103,11.71875,3712,12.56713212,1.530612245,73.79162191,12.11063373,3724,14.83486735,1.353546291,71.73795344,12.07363292,3694
Johnston,19.69365427,16.03369204,59.84233087,4.430322832,33361,20.34883721,15.94853028,59.18427576,4.518356747,33884,21.38384927,15.75176913,58.54567693,4.31870468,34339,22.03722974,15.9527113,57.66851659,4.341542375,34596,23.66117333,16.18542089,55.51232526,4.641080512,35983
Jones,7.0995671,43.98268398,45.19480519,3.722943723,1155,8.69955157,42.24215247,46.27802691,2.780269058,1115,9.691629956,39.29515419,47.75330396,3.259911894,1135,10.15553522,39.70722781,46.29460201,3.84263495,1093,10.01855288,36.82745826,48.88682746,4.267161406,1078
Lee,31.1503706,21.42349477,43.13128236,4.294852269,9849,31.69557806,21.32758448,42.08362579,4.893211672,9973,32.78020668,21.00556439,41.57392687,4.640302067,10064,33.59507007,21.50879634,40.15505417,4.741079416,10061,35.65977104,20.81743322,38.3109058,5.211889936,9958
Lenoir,11.39365918,45.10127697,40.12549538,3.379568472,9084,11.57331586,46.8500928,38.06092368,3.515667649,9159,11.99912654,47.21039415,37.58052189,3.209957419,9159,12.85602591,47.2914107,36.68044231,3.172121077,8953,13.70181143,46.55132373,35.68276823,4.064096605,8612
Lincoln,10.54477038,6.072008894,79.9110579,3.472162832,11693,10.49633146,5.999136815,79.55114372,3.953388002,11585,10.75268817,6.047311828,79.50107527,3.698924731,11625,10.91004002,6.177135897,78.4409257,4.471898382,11494,11.09736703,6.158331861,77.47835307,5.265948043,11318
Macon,13.44345033,0.779995412,81.76187199,4.014682267,4359,14.24959779,0.781429556,80.87795909,4.09101356,4351,15.87699317,0.683371298,79.52164009,3.917995444,4390,17.27210418,0.822481151,78.22709618,3.678318483,4377,19.23519926,0.621976503,76.61829072,3.52453352,4341
Madison,3.576923077,0.346153846,94.03846154,2.038461538,2600,3.281312525,0.360144058,94.31772709,2.040816327,2499,3.214142226,0.482121334,94.41542788,1.888308558,2489,3.599503517,0.372362433,94.49731072,1.530823335,2417,4.1173894,0.219010074,93.47349978,2.190100745,2283
Martin,5.355600346,50.99337748,40.6852865,2.965735675,3473,5.837264151,51.6509434,39.38679245,3.125,3392,7.027027027,51.98198198,37.53753754,3.453453453,3330,7.210800859,52.28597729,37.2506904,3.252531451,3259,8.540575916,50.68717277,36.97643979,3.795811519,3056
McDowell,10.85696381,3.023656588,80.82406392,5.295315682,6383,11.02709515,3.040327662,80.74984247,5.18273472,6348,11.64405175,2.887346166,80.54591354,4.922688545,6338,12.45796637,2.914331465,79.88791033,4.739791833,6245,13.55680317,2.906208719,78.58322325,4.953764862,6056
Mecklenburg,18.44592056,41.71245064,31.63028761,8.211341193,141061,19.45856732,41.23756041,30.79144841,8.512423859,142991,20.9606296,40.45045851,29.94709795,8.641813942,145363,21.95653365,39.65961412,29.40350252,8.980349704,145952,24.11389871,38.14086686,28.03697093,9.708263493,147359
Mitchell,6.95479384,0.149031297,91.3065077,1.589667163,2013,8.473711077,0.153139357,89.07605921,2.297090352,1959,8.290685773,0.307062436,89.45752303,1.944728762,1954,8.597046414,0.26371308,89.1350211,2.004219409,1896,11.10512129,0.269541779,85.98382749,2.641509438,1855
Montgomery,31.37964303,19.87457791,44.59720212,4.148576942,4146,31.73146583,20.40569911,43.61265395,4.250181116,4141,32.49327135,20.28382677,42.64741864,4.57548324,4087,33.26698184,19.70639463,42.1497885,4.876835034,4019,33.87055513,19.54464057,40.88002047,5.704783831,3909
Moore,11.51964652,17.91068329,65.63042449,4.9392457,12674,12.00123964,17.47888743,65.11195475,5.407918184,12907,12.43607624,17.02309004,64.9930265,5.547807221,12906,12.45518316,16.90568979,64.87139517,5.767731878,12830,13.42775756,15.93606583,64.17154613,6.464630476,12638
Nash,10.40078082,49.64314036,34.60623437,5.349844446,16393,10.3192418,50.01247038,34.16884898,5.499438833,16038,11.38078471,50.77339034,33.2054829,4.640342052,15904,11.87967043,51.76598327,31.94737178,4.406974516,15657,12.6715735,52.19149924,30.58815728,4.548769979,15081
New Hanover,9.76574992,21.4862488,63.07163415,5.676367125,25016,10.25721702,22.03256509,61.72028632,5.989931566,25426,11.39731286,21.23608445,61.52015355,5.846449136,26050,12.08647986,20.55046575,61.62839729,5.734657109,26087,13.65734559,19.13935833,60.8324114,6.370884677,26213
Northampton,2.796208531,79.95260664,15.26066351,1.990521327,2110,3.166098393,78.27569411,15.73307355,2.82513395,2053,3.263052209,77.10843373,15.76305221,3.865461847,1992,4.146472806,76.41357027,15.5627356,3.877221325,1857,4.080389769,82.33861145,10.29232643,3.28867235,1642
Onslow,11.339711,19.33314654,60.30901013,9.01813233,24983,11.65295497,19.21624737,59.73530464,9.395493025,25161,12.47316026,19.19187976,58.94983408,9.385125903,25615,13.36797537,19.17628945,57.49422633,9.961508853,25980,14.52094112,18.7356018,56.15770988,10.5857472,26479
Orange,15.70247934,16.21731473,63.66346024,4.416745698,7381,16.62707838,15.5054104,62.60226973,5.265241489,7578,18.25913621,15.94684385,61.02325581,4.77076412,7525,19.77701088,15.34377489,59.51685692,5.362357314,7534,23.55513048,14.19592841,56.07323405,6.175707066,7319
Pamlico,4.761904762,24.04371585,66.82279469,4.371584699,1281,5.946791862,22.84820031,64.94522692,6.259780908,1278,5.849802372,23.08300395,64.50592885,6.561264822,1265,7.644787645,22.62548263,63.3976834,6.332046332,1295,8.158319871,21.48626817,62.19709208,8.158319871,1238
Pasquotank,5.127762431,43.78453039,46.37430939,4.71339779,5792,5.414908579,43.81153305,44.91912799,5.85443038,5688,6.363166063,43.97309881,44.14554233,5.518192792,5799,6.913238852,43.88178362,43.3805738,5.824403733,5786,8.23699422,44.85187861,40.85982659,6.051300578,5536
Pender,11.36604306,16.9196376,68.16096011,3.553359219,8499,11.54681605,16.46278724,68.03475477,3.955641934,8747,12.01765305,15.89906077,68.36030327,3.722982913,8837,12.85475793,14.99165275,67.76850306,4.385086255,8985,14.16522491,14.05709343,66.81444637,4.963235298,9248
Perquimans,2.011173184,30.11173184,64.41340782,3.463687151,1790,2.581369248,30.41526375,63.69248036,3.310886644,1782,3.070683662,29.14252607,64.0787949,3.707995365,1726,3.161592506,27.16627635,65.69086651,3.981264637,1708,3.314571607,26.95434647,65.66604128,4.065040651,1599
Person,8.442657639,34.3842573,51.96783749,5.205247567,4726,8.398607485,35.16100957,50.97911227,5.46127067,4596,8.744588745,34.76190476,51.21212121,5.281385281,4620,8.64465682,34.6872285,51.17289314,5.495221546,4604,9.332732191,34.91884581,49.72948602,6.018935979,4436
Pitt,9.827622898,47.79314748,37.82932539,4.549904235,23495,10.03302007,47.53619507,37.46930827,4.96147659,23622,10.7201275,47.92182192,36.28318584,5.07486474,23843,11.11442447,48.20226634,35.46902956,5.214279629,23474,11.55517682,46.62974009,35.87984661,5.935236474,23470
Polk,11.57024793,5.698129622,79.12135711,3.610265333,2299,12.25209343,5.773468488,78.05200529,3.92243279,2269,12.6984127,5.423280423,77.8659612,4.012345679,2268,11.94852941,5.606617647,77.94117647,4.503676471,2176,12.48213435,5.240590758,77.17960934,5.097665555,2099
Randolph,14.36175991,3.726235741,77.28951657,4.622487778,18410,15.09475662,3.663185811,76.48488867,4.757168904,18099,16.01874059,3.703497128,75.35835797,4.919404317,17929,16.63547161,3.749078328,74.31229085,5.303159208,17631,18.03200096,3.727452508,72.15796728,6.082579252,16687
Richmond,9.272131148,37.03606557,45.66557377,8.026229508,7625,9.531926052,36.67234824,45.12914645,8.666579258,7627,10.39132734,36.72659968,44.80433633,8.077736647,7564,10.76571121,36.09204683,44.69115866,8.4510833,7431,11.9844466,35.32842661,43.57728093,9.109845859,7201
Robeson,12.17031692,25.37873992,15.51673208,46.93421108,23697,13.211227,25.32010515,14.66971933,46.79894853,23586,14.07071392,25.11446498,13.89265728,46.92216381,23588,14.82618895,24.63211772,13.74706761,46.79462572,23445,16.38100339,23.65202642,12.78789502,47.17907517,22404
Rockingham,11.32876508,19.9016833,62.91523909,5.854312528,13426,11.56161878,19.70886365,62.8153342,5.91418337,13121,12.33118478,19.60558625,62.07796194,5.985267035,13032,12.89562554,19.0607084,61.9571193,6.086546768,12733,13.97405173,19.44467399,60.10247087,6.478803406,12101
Rowan,13.25548762,18.64789015,63.77668638,4.319935852,19954,13.71589935,18.67782764,62.80570823,4.800564772,19831,14.75746643,18.60092203,61.88614953,4.755462016,19956,15.55228874,18.58873625,60.89623359,4.96274142,19727,17.56686168,18.56978688,58.19055579,5.672795654,19144
Rutherford,6.170703576,12.43367935,73.8638985,7.53171857,8670,6.526833841,12.37403328,73.72861495,7.370517928,8534,6.81166348,12.59560229,73.41061185,7.182122371,8368,6.855763428,12.04586602,73.74773687,7.350633675,8285,8.209325397,12.15277778,72.37103175,7.266865079,8064
Sampson,32.85532555,20.44639759,42.09552446,4.6027524,8647,33.46149365,19.96970756,41.69870675,4.870092042,8583,35.27014439,19.31765254,40.75454122,4.657661854,8588,35.90866067,19.3800284,40.26265973,4.448651207,8452,38.76540227,18.22904083,38.36675525,4.638801644,8278
Scotland,2.463697177,45.97813673,31.62016642,19.93799967,6129,2.43902439,45.94594595,31.26235992,20.35266974,6068,2.662229617,45.94009983,30.81530782,20.58236273,6010,2.861522739,45.78436382,30.148186,21.20592744,5871,3.51732544,45.72523072,29.53160369,21.22584015,5743
Stanly,6.85759927,12.83660429,73.43678686,6.869009585,8764,6.976206976,12.53176253,72.6033726,7.888657889,8658,7.599169742,13.22647601,71.74815498,7.426199262,8672,8.34304358,12.81752505,70.77604288,8.063388488,8582,8.803284627,13.76645333,68.92887332,8.501388722,8281
Stokes,4.59274673,3.582045184,87.35136742,4.473840666,6728,4.391891892,3.178746929,88.48280098,3.946560197,6512,4.607508532,3.133726342,88.48898542,3.769779708,6446,4.624838292,2.991591203,88.74514877,3.638421734,6184,4.628378378,2.753378378,88.58108108,4.037162163,5920
Surry,20.1861131,2.421856359,74.83894059,2.553089955,8382,20.64121037,2.209414025,74.48366955,2.665706052,8328,21.48630715,2.280130293,73.51912173,2.714440825,8289,22.44674376,2.373706634,72.53804017,2.641509434,8215,24.15587713,2.41177964,70.30972328,3.12261995,7878
Swain,4.354508197,1.024590164,66.8545082,27.76639344,1952,3.869047619,1.438492063,65.8234127,28.86904762,2016,4.81444333,1.404212638,65.24573721,28.53560682,1994,4.904491482,0.774393392,65.92669076,28.39442437,1937,5.18819939,0.762970498,65.31027467,28.73855544,1966
Transylvania,5.771924909,4.959372373,83.21658728,6.052115438,3569,6.022727273,4.971590909,82.8125,6.193181818,3520,6.248232966,5.004240882,82.69720102,6.050325134,3537,6.720507643,4.989904817,81.8575137,6.432073839,3467,7.694566814,4.552129222,80.85168869,6.901615271,3405
Tyrrell,16.28318584,33.80530973,40.53097345,9.380530973,565,15.2293578,33.21100917,42.75229358,8.80733945,545,15.79861111,33.68055556,39.93055556,10.59027778,576,17.50433276,34.31542461,37.08838821,11.09185442,577,18.19699499,32.38731219,37.56260434,11.85308848,599
Union,14.66448607,13.13807117,67.64545545,4.551987313,40356,15.00389143,12.7955054,67.14660959,5.053993579,41116,15.69153435,12.9510138,65.91266101,5.444790836,41379,16.50378987,12.81641798,64.55641894,6.123373218,41954,17.75443013,12.49636874,62.19376392,7.555437208,41308
Vance,12.91837933,61.42102173,22.28420435,3.376394598,6812,13.04809589,61.85707783,21.72659687,3.368229404,6591,13.13644055,62.54422397,20.93524073,3.384094755,6501,13.70503037,62.04641022,20.29278929,3.955770129,6421,14.18667568,64.76158269,16.94284748,4.108894154,5914
Wake,15.41088552,24.43416189,49.1569347,10.99801789,149336,15.65339151,24.41043342,48.61311016,11.3230649,153545,16.35928653,24.21811522,48.06415002,11.35844822,155074,16.86243967,23.75194709,47.65646945,11.72914379,156644,17.69511852,22.96448983,46.37309098,12.96730067,160095
Warren,6.451612903,66.8202765,17.51152074,9.216589862,2387,7.175828787,66.9324381,17.1212757,8.770457407,2383,7.331628303,66.02728048,17.64705882,8.994032396,2346,7.414024118,65.96694953,17.73112997,8.887896382,2239,8.193484699,65.7946693,15.30108588,10.71076012,2026
Washington,7.276995305,68.60328638,22.0657277,2.05399061,1704,7.664670659,69.22155689,20.83832335,2.275449102,1670,8.452454941,69.67060286,19.88812927,1.988812927,1609,7.80141844,71.56673114,18.24629271,2.385557705,1551,8.701754386,73.47368421,15.0877193,2.736842105,1425
Watauga,6.848389277,1.03626943,87.7900428,4.325298491,4439,7.375722543,1.317919075,86.82080925,4.485549133,4325,7.946407946,1.131901132,86.9022869,4.019404019,4329,8.163265306,1.113172542,86.43320965,4.290352505,4312,9.205298013,1.214128035,84.98896247,4.591611479,4530
Wayne,17.84338228,34.54128918,40.87264397,6.742684578,19206,18.48499038,34.93574736,40.09156652,6.487695749,19221,19.80442669,35.26628463,39.26712581,5.662162873,19021,20.90525303,34.87949554,38.67899321,5.536258216,18713,22.85251216,35.31604538,36.66126418,5.170178278,18510
Wilkes,12.36330498,4.141352774,80.20453625,3.290805994,9876,13.10846294,4.191072511,79.17592406,3.524540497,9902,13.18503539,4.155712841,78.96865521,3.690596562,9890,13.68061309,3.893951947,78.08616404,4.33927092,9656,14.49537382,3.807295544,76.57130703,5.126023606,9403
Wilson,15.50431347,45.27130533,35.16084818,4.063533016,12403,15.80689432,45.47509486,34.60886413,4.109146686,12387,17.47832428,45.15841504,32.99570537,4.367555303,12341,18.48360656,45.37704918,31.81147541,4.327868852,12200,19.8357112,44.49632512,30.89494163,4.773022047,11565
Yadkin,20.47678349,3.326810176,73.93702188,2.259384451,5621,21.57577968,2.936348714,72.64271384,2.84515776,5483,22.47833303,3.061036327,71.78683386,2.673796791,5423,23.25408618,2.9346211,70.70950966,3.101783061,5384,24.709025,3.14825415,68.89906506,3.243655786,5241
Yancey,10.69706269,0.832967996,86.54099079,1.928978518,2281,11.38912856,0.647109577,86.23813632,1.725625539,2318,12.34899329,0.67114094,85.68232662,1.29753915,2235,12.73798731,0.679963735,84.99546691,1.586582049,2206,13.80563124,0.499545867,83.56039964,2.134423256,2202